<?xml version="1.0" encoding="UTF-8"?>
<project-private xmlns="http://www.netbeans.org/ns/project-private/1">
    <editor-bookmarks xmlns="http://www.netbeans.org/ns/editor-bookmarks/2" lastBookmarkId="0"/>
    <open-files xmlns="http://www.netbeans.org/ns/projectui-open-files/2">
        <group>
            <file>file:/C:/Projects/javawithgavas/pms/web/prs_coresprofobj.jsp</file>
            <file>file:/C:/Projects/javawithgavas/pms/src/java/pms/dbclass.java</file>
            <file>file:/C:/Projects/javawithgavas/pms/src/java/pms/prs_coresprofobj.java</file>
        </group>
    </open-files>
</project-private>
